{
  "version": 1,
  "author": "shwetanjali",
  "editor": "wokwi",
  "parts": [
    { "type": "wokwi-arduino-uno", "id": "uno", "top": 0.6, "left": -0.6, "attrs": {} },
    {
      "type": "wokwi-led",
      "id": "led1",
      "top": 246,
      "left": 51.8,
      "rotate": 180,
      "attrs": { "color": "red" }
    },
    {
      "type": "wokwi-slide-switch",
      "id": "sw1",
      "top": 68.8,
      "left": 346.1,
      "rotate": 90,
      "attrs": {}
    },
    { "type": "wokwi-relay-module", "id": "relay1", "top": 249.8, "left": 307.2, "attrs": {} }
  ],
  "connections": [
    [ "uno:5V", "relay1:VCC", "red", [ "v0" ] ],
    [ "uno:GND.2", "relay1:GND", "black", [ "v0" ] ],
    [ "relay1:IN", "uno:4", "green", [ "h-9.6", "v-307.4", "h-38.4" ] ],
    [ "sw1:3", "uno:GND.3", "black", [ "h-38.4", "v125", "h-96" ] ],
    [ "sw1:1", "uno:5V", "red", [ "h-19.2", "v153.6", "h-38.4" ] ],
    [ "sw1:2", "uno:2", "green", [ "h-38.4", "v-115.1", "h-67.2" ] ],
    [ "uno:GND.2", "led1:C", "black", [ "v47.9", "h-34.5" ] ],
    [ "led1:A", "uno:9", "green", [ "v-14", "h-105.2", "v-268.8", "h182.4" ] ]
  ],
  "dependencies": {}
}